{
    "parameterSets": {
        "Gamecube": {
            "$fs": "0.15",
            "CORNER_RADIUS": "1",
            "COUNTER_SINKING": "true",
            "CUSTOM_FONT": "Gamecuben",
            "CUSTOM_INSCRIPTION": "GAMECUBE",
            "CUSTOM_INSCRIPTION_DEPTH": "0.8",
            "CUSTOM_INSCRIPTION_MARGIN": "20",
            "MOUNT_QUANTITY": "1",
            "MOUNT_QUANTITY_SPACING": "0.2",
            "POWER_SUPPLY_HEIGHT": "45",
            "POWER_SUPPLY_MOUNT_GAP": "0.4",
            "POWER_SUPPLY_MOUNT_THICKNESS": "2",
            "POWER_SUPPLY_WIDTH": "65",
            "SCREW_HOLE_DIAMETER": "4.4",
            "SCREW_HOLE_EXTRA_THICKNESS": "4",
            "VERTICAL_MOUNT": "true"
        },
        "SNES": {
            "$fs": "0.15",
            "CORNER_RADIUS": "1",
            "COUNTER_SINKING": "true",
            "CUSTOM_FONT": "SNES",
            "CUSTOM_INSCRIPTION": "SNES",
            "CUSTOM_INSCRIPTION_DEPTH": "0.8",
            "CUSTOM_INSCRIPTION_MARGIN": "47",
            "MOUNT_QUANTITY": "1",
            "MOUNT_QUANTITY_SPACING": "0.2",
            "POWER_SUPPLY_HEIGHT": "46",
            "POWER_SUPPLY_MOUNT_GAP": "0.4",
            "POWER_SUPPLY_MOUNT_THICKNESS": "2",
            "POWER_SUPPLY_WIDTH": "58",
            "SCREW_HOLE_DIAMETER": "4.4",
            "SCREW_HOLE_EXTRA_THICKNESS": "4",
            "VERTICAL_MOUNT": "true"
        },
        "NES": {
            "$fs": "0.15",
            "CORNER_RADIUS": "1",
            "COUNTER_SINKING": "true",
            "CUSTOM_FONT": "Nintender",
            "CUSTOM_INSCRIPTION": "Nintendo Entertainment System",
            "CUSTOM_INSCRIPTION_DEPTH": "0.8",
            "CUSTOM_INSCRIPTION_MARGIN": "5",
            "MOUNT_QUANTITY": "1",
            "MOUNT_QUANTITY_SPACING": "0.2",
            "POWER_SUPPLY_HEIGHT": "46",
            "POWER_SUPPLY_MOUNT_GAP": "0.4",
            "POWER_SUPPLY_MOUNT_THICKNESS": "2",
            "POWER_SUPPLY_WIDTH": "58",
            "SCREW_HOLE_DIAMETER": "4.4",
            "SCREW_HOLE_EXTRA_THICKNESS": "4",
            "VERTICAL_MOUNT": "true"
        },
        "Wii U": {
            "$fs": "0.15",
            "CORNER_RADIUS": "1",
            "COUNTER_SINKING": "true",
            "CUSTOM_FONT": "Continuum Bold",
            "CUSTOM_INSCRIPTION": "Wii U",
            "CUSTOM_INSCRIPTION_DEPTH": "0.8",
            "CUSTOM_INSCRIPTION_MARGIN": "55",
            "MOUNT_QUANTITY": "1",
            "MOUNT_QUANTITY_SPACING": "0.2",
            "POWER_SUPPLY_HEIGHT": "46.1",
            "POWER_SUPPLY_MOUNT_GAP": "0.4",
            "POWER_SUPPLY_MOUNT_THICKNESS": "2",
            "POWER_SUPPLY_WIDTH": "70.2",
            "SCREW_HOLE_DIAMETER": "4.4",
            "SCREW_HOLE_EXTRA_THICKNESS": "4",
            "VERTICAL_MOUNT": "true"
        },
        "Wii": {
            "$fs": "0.15",
            "CORNER_RADIUS": "1",
            "COUNTER_SINKING": "true",
            "CUSTOM_FONT": "Continuum Bold",
            "CUSTOM_INSCRIPTION": "Wii",
            "CUSTOM_INSCRIPTION_DEPTH": "0.8",
            "CUSTOM_INSCRIPTION_MARGIN": "47",
            "MOUNT_QUANTITY": "1",
            "MOUNT_QUANTITY_SPACING": "0.2",
            "POWER_SUPPLY_HEIGHT": "46.1",
            "POWER_SUPPLY_MOUNT_GAP": "0.4",
            "POWER_SUPPLY_MOUNT_THICKNESS": "2",
            "POWER_SUPPLY_WIDTH": "55.2",
            "SCREW_HOLE_DIAMETER": "4.4",
            "SCREW_HOLE_EXTRA_THICKNESS": "4",
            "VERTICAL_MOUNT": "true"
        }
    },
    "parameterSets": "",
    "fileFormatVersion": "1"
}
